id,image_url
sony-sony-linkbuds,
sony-sony-linkbuds-clip,
sony-sony-linkbuds-fit,
sony-sony-linkbuds-open,
sony-sony-linkbuds-s,
sony-sony-wf-1000xm3,https://www.headphonezone.in/cdn/shop/products/sony-wf-1000xm3-black-headphone-zone-13631761285183.jpg?v=1595839005
sony-sony-wf-1000xm4,https://commons.wikimedia.org/wiki/Special:Redirect/file/Sony_WF-1000XM4.jpg
sony-sony-wf-1000xm5,"https://scr.wfcdn.de/cdn-cgi/image/fit=cover,width=1102,height=1102/26309/Sony-WF-1000XM5-1686125599-0-0.jpg"
sony-sony-wf-1000xm6,
sony-sony-wf-c500,https://f.nooncdn.com/p/pzsku/Z9B0186C97DB18C6358DEZ/45/_/1780467054/6dc2e76f-048d-42fe-b5cb-2708bed45fb8.jpg
sony-sony-wf-c510,https://cdnv2.tgdd.vn/mwg-static/tgdd/Products/Images/54/342854/tai-nghe-bluetooth-true-wireless-sony-wf-c510-den-1-638918181880515285.jpg
sony-sony-wf-c700n,https://f.nooncdn.com/p/pzsku/Z1B23EBFABC0A2CD9879DZ/45/_/1780467062/d245ebbb-76a4-4a5f-82aa-95c5d67bcd17.jpg
sony-sony-wf-c710n,
sony-sony-wf-sp800n,
sony-sony-wf-xb700,
